{
  "pixel_diff": {
    "mean_ap": 0.5313377011711948,
    "ci95_low": 0.5195860206785216,
    "ci95_high": 0.5438382482614859
  },
  "dinov2_diff": {
    "mean_ap": 0.4031901026996523,
    "ci95_low": 0.38804693227638803,
    "ci95_high": 0.41864689991380244
  },
  "hybrid_pixel_dino": {
    "mean_ap": 0.6091947551265018,
    "ci95_low": 0.5972240285810086,
    "ci95_high": 0.6210877945024408
  }
}