{
  "fixed_alpha": 0.75,
  "n_images": 693,
  "mean_ap": 0.610397661452169,
  "mean_auc": 0.8908030046920409,
  "top1_hit_rate": 0.9336219336219336,
  "top5_hit_rate": 0.9942279942279942
}